Year,Aid Type Di Name,country,Purpose Name,Purpose Code,Usd Disbursement Deflated Sum,Donor Name
1998.0,Project interventions,Sweden,Reproductive health care,13020,13.854395395804755,Sweden
1999.0,Project interventions,Sweden,Reproductive health care,13020,13.373352418818008,Sweden
2000.0,Project interventions,Sweden,Reproductive health care,13020,7.270875809444797,Sweden
2001.0,Project interventions,Denmark,Reproductive health care,13020,0.26444,Denmark
2001.0,Project interventions,Sweden,Reproductive health care,13020,5.900371907645282,Sweden
2002.0,Project interventions,Denmark,Reproductive health care,13020,0.16471,Denmark
2002.0,Project interventions,Sweden,Reproductive health care,13020,4.903468880773583,Sweden
2002.0,Project interventions,UK,Reproductive health care,13020,0.15642083664000003,UK
2003.0,Budget support,UK,Family planning,13030,1.47069,UK
2003.0,Project interventions,Denmark,Family planning,13030,0.6072,Denmark
2003.0,Project interventions,Denmark,Reproductive health care,13020,0.2277,Denmark
2003.0,Project interventions,Sweden,Reproductive health care,13020,5.500587925378493,Sweden
2003.0,Project interventions,UK,Family planning,13030,3.6865296e-05,UK
2003.0,Project interventions,UK,Reproductive health care,13020,0.7352680338900001,UK
2003.0,Specific purpose funds,Sweden,Reproductive health care,13020,0.6189574281080948,Sweden
2004.0,Budget support,UK,Family planning,13030,3.29706,UK
2004.0,"Core support to NGOs, etc",Sweden,Reproductive health care,13020,0.27812728015246385,Sweden
2004.0,Project interventions,Denmark,Family planning,13030,0.68429,Denmark
2004.0,Project interventions,Denmark,Reproductive health care,13020,0.1669,Denmark
2004.0,Project interventions,European Commission,Family planning,13030,0.524685033,European Commission
2004.0,Project interventions,European Commission,Reproductive health care,13020,2.705144178183,European Commission
2004.0,Project interventions,Sweden,Reproductive health care,13020,18.527117753879658,Sweden
2004.0,Project interventions,UK,Family planning,13030,0.20079648573400005,UK
2004.0,Project interventions,UK,Reproductive health care,13020,1.19259477571,UK
2004.0,Specific purpose funds,Denmark,Reproductive health care,13020,1.0014,Denmark
2004.0,Technical Assistance,European Commission,Reproductive health care,13020,0.4855422191000001,European Commission
2005.0,Budget support,UK,Family planning,13030,1.63818,UK
2005.0,Budget support,UK,Reproductive health care,13020,5.27858,UK
2005.0,"Core support to NGOs, etc",Denmark,Family planning,13030,6.672,Denmark
2005.0,"Core support to NGOs, etc",Sweden,Reproductive health care,13020,0.2679002703281409,Sweden
2005.0,Non-transfer,Sweden,Reproductive health care,13020,0.32278197098656386,Sweden
2005.0,Project interventions,Denmark,Family planning,13030,0.56712,Denmark
2005.0,Project interventions,Denmark,Reproductive health care,13020,0.23352,Denmark
2005.0,Project interventions,European Commission,Family planning,13030,0.26987761920000003,European Commission
2005.0,Project interventions,European Commission,Reproductive health care,13020,7.59943821232,European Commission
2005.0,Project interventions,Sweden,Reproductive health care,13020,31.56949163856325,Sweden
2005.0,Project interventions,UK,Family planning,13030,0.5565427502239999,UK
2005.0,Project interventions,UK,Reproductive health care,13020,6.448067855828001,UK
2005.0,Project interventions,World Bank,Reproductive health care,13020,1.27771031,World Bank
2005.0,Specific purpose funds,Sweden,Reproductive health care,13020,0.7761897114715486,Sweden
2006.0,Budget support,UK,Family planning,13030,4.97475,UK
2006.0,"Core support to NGOs, etc",Denmark,Family planning,13030,6.728,Denmark
2006.0,"Core support to NGOs, etc",Sweden,Reproductive health care,13020,0.28397190810085043,Sweden
2006.0,Non-transfer,Sweden,Reproductive health care,13020,1.1905694193915883,Sweden
2006.0,Project interventions,Denmark,Family planning,13030,1.0933,Denmark
2006.0,Project interventions,Denmark,Reproductive health care,13020,0.30276,Denmark
2006.0,Project interventions,European Commission,Family planning,13030,0.92928618451,European Commission
2006.0,Project interventions,European Commission,Reproductive health care,13020,10.72939809021,European Commission
2006.0,Project interventions,Netherlands,Family planning,13030,1.6877368494,Netherlands
2006.0,Project interventions,Netherlands,Reproductive health care,13020,8.8081840206,Netherlands
2006.0,Project interventions,Sweden,Reproductive health care,13020,35.8388379924864,Sweden
2006.0,Project interventions,UK,Family planning,13030,0.56501474865,UK
2006.0,Project interventions,UK,Reproductive health care,13020,25.126396934925005,UK
2006.0,Project interventions,World Bank,Reproductive health care,13020,1.2222484999999998,World Bank
2006.0,Specific purpose funds,Denmark,Family planning,13030,1.682,Denmark
2006.0,Specific purpose funds,Sweden,Reproductive health care,13020,0.33906120732914696,Sweden
2006.0,Technical Assistance,European Commission,Reproductive health care,13020,0.9784148317169999,European Commission
2006.0,Technical Assistance,Netherlands,Reproductive health care,13020,0.862964064,Netherlands
2007.0,Budget support,UK,Family planning,13030,1.80144,UK
2007.0,Budget support,UK,Reproductive health care,13020,14.751791999999998,UK
2007.0,"Core support to NGOs, etc",Denmark,Family planning,13030,7.348,Denmark
2007.0,"Core support to NGOs, etc",Sweden,Reproductive health care,13020,14.40823860007399,Sweden
2007.0,Non-transfer,Sweden,Reproductive health care,13020,1.719246392896781,Sweden
2007.0,Pooled funds,UK,Reproductive health care,13020,0.1030964112,UK
2007.0,Project interventions,Denmark,Family planning,13030,1.1022,Denmark
2007.0,Project interventions,Denmark,Reproductive health care,13020,1.089407284471,Denmark
2007.0,Project interventions,European Commission,Family planning,13030,1.4432222689499998,European Commission
2007.0,Project interventions,European Commission,Reproductive health care,13020,19.038630645495996,European Commission
2007.0,Project interventions,Netherlands,Family planning,13030,2.9974666869999997,Netherlands
2007.0,Project interventions,Netherlands,Reproductive health care,13020,9.3531551635,Netherlands
2007.0,Project interventions,Sweden,Reproductive health care,13020,21.83092201257862,Sweden
2007.0,Project interventions,UK,Family planning,13030,3.94457493744,UK
2007.0,Project interventions,UK,Reproductive health care,13020,53.039762731872024,UK
2007.0,Project interventions,World Bank,Reproductive health care,13020,9.1054447,World Bank
2007.0,Specific purpose funds,Sweden,Reproductive health care,13020,1.0358881243063265,Sweden
2007.0,Technical Assistance,European Commission,Reproductive health care,13020,2.1259959790300003,European Commission
2007.0,Technical Assistance,Netherlands,Reproductive health care,13020,1.5295592048999997,Netherlands
2008.0,Budget support,UK,Family planning,13030,6.68772,UK
2008.0,Budget support,UK,Reproductive health care,13020,7.375069,UK
2008.0,"Core support to NGOs, etc",Denmark,Family planning,13030,7.848000000000001,Denmark
2008.0,"Core support to NGOs, etc",Sweden,Reproductive health care,13020,17.221492547569497,Sweden
2008.0,Non-transfer,Sweden,Reproductive health care,13020,2.4000231297812773,Sweden
2008.0,Pooled funds,New Zealand,Reproductive health care,13020,0.312279678342,New Zealand
2008.0,Pooled funds,UK,Reproductive health care,13020,0.5294445,UK
2008.0,Project interventions,Denmark,Reproductive health care,13020,0.8998211453940002,Denmark
2008.0,Project interventions,European Commission,Family planning,13030,1.3117521556979999,European Commission
2008.0,Project interventions,European Commission,Reproductive health care,13020,38.562413952726,European Commission
2008.0,Project interventions,Netherlands,Family planning,13030,4.0433417015,Netherlands
2008.0,Project interventions,Netherlands,Reproductive health care,13020,41.887658914,Netherlands
2008.0,Project interventions,Sweden,Reproductive health care,13020,11.410050484303188,Sweden
2008.0,Project interventions,UK,Family planning,13030,29.725612557836,UK
2008.0,Project interventions,UK,Reproductive health care,13020,161.08998617067198,UK
2008.0,Project interventions,World Bank,Reproductive health care,13020,13.07690029,World Bank
2008.0,Specific purpose funds,Netherlands,Reproductive health care,13020,36.5875,Netherlands
2008.0,Specific purpose funds,Sweden,Reproductive health care,13020,0.37426830546282025,Sweden
2008.0,Technical Assistance,European Commission,Reproductive health care,13020,0.448258571334,European Commission
2008.0,Technical Assistance,Netherlands,Family planning,13030,0.102445,Netherlands
2008.0,Technical Assistance,Netherlands,Reproductive health care,13020,4.884693216500001,Netherlands
2009.0,Budget support,UK,Family planning,13030,1.37588,UK
2009.0,Budget support,UK,Reproductive health care,13020,14.75944,UK
2009.0,"Core support to NGOs, etc",Denmark,Family planning,13030,7.46,Denmark
2009.0,"Core support to NGOs, etc",Sweden,Reproductive health care,13020,15.542521680511516,Sweden
2009.0,Non-transfer,Sweden,Reproductive health care,13020,1.2718690220382065,Sweden
2009.0,Pooled funds,Netherlands,Reproductive health care,13020,7.072155506,Netherlands
2009.0,Pooled funds,New Zealand,Reproductive health care,13020,0.34402751104999996,New Zealand
2009.0,Pooled funds,UK,Family planning,13030,0.6254,UK
2009.0,Pooled funds,UK,Reproductive health care,13020,0.5237725,UK
2009.0,Project interventions,Denmark,Family planning,13030,2.238,Denmark
2009.0,Project interventions,Denmark,Reproductive health care,13020,0.973034411685,Denmark
2009.0,Project interventions,European Commission,Reproductive health care,13020,15.967817425526002,European Commission
2009.0,Project interventions,Netherlands,Family planning,13030,1.9294372448,Netherlands
2009.0,Project interventions,Netherlands,Reproductive health care,13020,58.637905104999994,Netherlands
2009.0,Project interventions,Sweden,Reproductive health care,13020,8.207593562799717,Sweden
2009.0,Project interventions,UK,Family planning,13030,19.099252906935,UK
2009.0,Project interventions,UK,Reproductive health care,13020,131.54463056108997,UK
2009.0,Project interventions,World Bank,Reproductive health care,13020,17.192811960000004,World Bank
2009.0,Specific purpose funds,Netherlands,Reproductive health care,13020,43.3110330471,Netherlands
2009.0,Specific purpose funds,Sweden,Reproductive health care,13020,4.5496601713791565,Sweden
2009.0,Technical Assistance,European Commission,Reproductive health care,13020,0.9770641647,European Commission
2009.0,Technical Assistance,Netherlands,Reproductive health care,13020,4.2160718600000004,Netherlands
2010.0,Budget support,UK,Family planning,13030,3.8280825,UK
2010.0,Budget support,UK,Reproductive health care,13020,10.8269,UK
2010.0,"Core support to NGOs, etc",Denmark,Family planning,13030,7.112000000000001,Denmark
2010.0,"Core support to NGOs, etc",Sweden,Reproductive health care,13020,19.50758574324512,Sweden
2010.0,Non-transfer,Sweden,Reproductive health care,13020,1.9156142567548804,Sweden
2010.0,Pooled funds,Netherlands,Reproductive health care,13020,3.456091925,Netherlands
2010.0,Pooled funds,UK,Family planning,13030,1.9994521893800001,UK
2010.0,Pooled funds,UK,Reproductive health care,13020,2.085088560285,UK
2010.0,Project interventions,Denmark,Reproductive health care,13020,1.298276239358,Denmark
2010.0,Project interventions,European Commission,Family planning,13030,0.384586234732,European Commission
2010.0,Project interventions,European Commission,Reproductive health care,13020,19.297541219212,European Commission
2010.0,Project interventions,Finland,Family planning,13030,0.015432,Finland
2010.0,Project interventions,Finland,Reproductive health care,13020,0.063576,Finland
2010.0,Project interventions,Netherlands,Family planning,13030,2.1753031258,Netherlands
2010.0,Project interventions,Netherlands,Reproductive health care,13020,47.85257138340001,Netherlands
2010.0,Project interventions,New Zealand,Reproductive health care,13020,0.7340854247890001,New Zealand
2010.0,Project interventions,Sweden,Reproductive health care,13020,5.823254926272526,Sweden
2010.0,Project interventions,UK,Family planning,13030,46.50586977100899,UK
2010.0,Project interventions,UK,Reproductive health care,13020,210.56434237482023,UK
2010.0,Project interventions,World Bank,Reproductive health care,13020,12.962416590000002,World Bank
2010.0,Specific purpose funds,Denmark,Family planning,13030,-0.006158245240000001,Denmark
2010.0,Specific purpose funds,Netherlands,Reproductive health care,13020,37.6930662062,Netherlands
2010.0,Specific purpose funds,Sweden,Reproductive health care,13020,7.237040576490516,Sweden
2010.0,Technical Assistance,European Commission,Reproductive health care,13020,0.994854555268,European Commission
2010.0,Technical Assistance,Netherlands,Family planning,13030,0.1559945942,Netherlands
2010.0,Technical Assistance,Netherlands,Reproductive health care,13020,7.543263123400001,Netherlands
2011.0,Budget support,UK,Family planning,13030,9.745024,UK
2011.0,Budget support,UK,Reproductive health care,13020,24.747232,UK
2011.0,"Core support to NGOs, etc",Denmark,Reproductive health care,13020,17.1396,Denmark
2011.0,"Core support to NGOs, etc",Sweden,Reproductive health care,13020,18.43636984836344,Sweden
2011.0,Non-transfer,Sweden,Reproductive health care,13020,0.6733457128767797,Sweden
2011.0,Pooled funds,Netherlands,Reproductive health care,13020,12.0585735248,Netherlands
2011.0,Pooled funds,New Zealand,Reproductive health care,13020,0.46718245122400004,New Zealand
2011.0,Pooled funds,Sweden,Reproductive health care,13020,0.4623066017382728,Sweden
2011.0,Pooled funds,UK,Family planning,13030,10.7664788232,UK
2011.0,Pooled funds,UK,Reproductive health care,13020,13.666274199999998,UK
2011.0,Project interventions,Denmark,Reproductive health care,13020,1.7248987908,Denmark
2011.0,Project interventions,European Commission,Reproductive health care,13020,17.699115998685006,European Commission
2011.0,Project interventions,Netherlands,Family planning,13030,3.5572243872000002,Netherlands
2011.0,Project interventions,Netherlands,Reproductive health care,13020,27.183212636799997,Netherlands
2011.0,Project interventions,New Zealand,Family planning,13030,0.441165208,New Zealand
2011.0,Project interventions,New Zealand,Reproductive health care,13020,0.8673187014799999,New Zealand
2011.0,Project interventions,Norway,Reproductive health care,13020,0.5344864,Norway
2011.0,Project interventions,Sweden,Reproductive health care,13020,4.71130011557665,Sweden
2011.0,Project interventions,UK,Family planning,13030,119.50511515045196,UK
2011.0,Project interventions,UK,Reproductive health care,13020,192.01359932845185,UK
2011.0,Project interventions,World Bank,Reproductive health care,13020,18.83053415,World Bank
2011.0,Specific purpose funds,Denmark,Reproductive health care,13020,3.726,Denmark
2011.0,Specific purpose funds,European Commission,Family planning,13030,19.146432700623,European Commission
2011.0,Specific purpose funds,Netherlands,Reproductive health care,13020,37.5783769504,Netherlands
2011.0,Specific purpose funds,Sweden,Reproductive health care,13020,3.445818635579116,Sweden
2011.0,Technical Assistance,Denmark,Reproductive health care,13020,0.131705766801,Denmark
2011.0,Technical Assistance,European Commission,Reproductive health care,13020,0.940067158206,European Commission
2011.0,Technical Assistance,Netherlands,Family planning,13030,0.0106337792,Netherlands
2011.0,Technical Assistance,Netherlands,Reproductive health care,13020,1.5056975296,Netherlands
2012.0,Budget support,European Commission,Reproductive health care,13020,12.856,European Commission
2012.0,Budget support,UK,Family planning,13030,10.74332,UK
2012.0,Budget support,UK,Reproductive health care,13020,28.517195,UK
2012.0,Budget support,US,Family planning,13030,0.06936619000000001,US
2012.0,Budget support,US,Reproductive health care,13020,1.09939426,US
2012.0,Core contributions to multilateral institutions,New Zealand,Family planning,13030,2.0265,New Zealand
2012.0,"Core support to NGOs, etc",Denmark,Reproductive health care,13020,10.356,Denmark
2012.0,"Core support to NGOs, etc",Finland,Reproductive health care,13020,2.8926,Finland
2012.0,"Core support to NGOs, etc",Netherlands,Reproductive health care,13020,0.9204702375,Netherlands
2012.0,"Core support to NGOs, etc",New Zealand,Reproductive health care,13020,4.8636,New Zealand
2012.0,"Core support to NGOs, etc",Sweden,Reproductive health care,13020,27.109279203415618,Sweden
2012.0,Non-transfer,Sweden,Reproductive health care,13020,0.23002304658068518,Sweden
2012.0,Non-transfer,US,Family planning,13030,0.00122,US
2012.0,Pooled funds,Finland,Reproductive health care,13020,0.77136,Finland
2012.0,Pooled funds,Netherlands,Reproductive health care,13020,14.1815864937,Netherlands
2012.0,Pooled funds,New Zealand,Reproductive health care,13020,0.41417151442800004,New Zealand
2012.0,Pooled funds,Sweden,Reproductive health care,13020,0.4432034747152418,Sweden
2012.0,Pooled funds,UK,Family planning,13030,21.344449,UK
2012.0,Pooled funds,UK,Reproductive health care,13020,7.73633061383,UK
2012.0,Project interventions,Denmark,Reproductive health care,13020,2.8650804314,Denmark
2012.0,Project interventions,European Commission,Family planning,13030,0.26942190639999997,European Commission
2012.0,Project interventions,European Commission,Reproductive health care,13020,17.005863164767998,European Commission
2012.0,Project interventions,Finland,Reproductive health care,13020,3.5995295848000004,Finland
2012.0,Project interventions,Netherlands,Family planning,13030,1.9571828082,Netherlands
2012.0,Project interventions,Netherlands,Reproductive health care,13020,69.47016534570001,Netherlands
2012.0,Project interventions,New Zealand,Reproductive health care,13020,0.8901806063639999,New Zealand
2012.0,Project interventions,Norway,Reproductive health care,13020,0.9153675,Norway
2012.0,Project interventions,Sweden,Reproductive health care,13020,11.412148303269365,Sweden
2012.0,Project interventions,UK,Family planning,13030,167.41721639276903,UK
2012.0,Project interventions,UK,Reproductive health care,13020,241.18446627657198,UK
2012.0,Project interventions,UNICEF,Family planning,13030,0.07681811400000002,UNICEF
2012.0,Project interventions,UNICEF,Reproductive health care,13020,56.005216446999995,UNICEF
2012.0,Project interventions,US,Family planning,13030,120.44863509000004,US
2012.0,Project interventions,US,Reproductive health care,13020,132.0149933200001,US
2012.0,Project interventions,World Bank,Reproductive health care,13020,17.767543429999996,World Bank
2012.0,Specific purpose funds,European Commission,Family planning,13030,16.688018530136,European Commission
2012.0,Specific purpose funds,Sweden,Reproductive health care,13020,59.422424470741184,Sweden
2012.0,Specific purpose funds,UNICEF,Reproductive health care,13020,5.289005220000001,UNICEF
2012.0,Specific purpose funds,US,Family planning,13030,0.8551719,US
2012.0,Specific purpose funds,US,Reproductive health care,13020,3.88164446,US
2012.0,Technical Assistance,Denmark,Reproductive health care,13020,0.00056436748,Denmark
2012.0,Technical Assistance,European Commission,Reproductive health care,13020,0.4876897245200001,European Commission
2012.0,Technical Assistance,Netherlands,Reproductive health care,13020,2.5222188681,Netherlands
2012.0,Technical Assistance,US,Family planning,13030,2.85242719,US
2012.0,Technical Assistance,US,Reproductive health care,13020,5.21828623,US
2013.0,Budget support,UK,Family planning,13030,14.5245255,UK
2013.0,Budget support,UK,Reproductive health care,13020,72.4505545,UK
2013.0,Budget support,US,Family planning,13030,1.67674637,US
2013.0,Budget support,US,Reproductive health care,13020,4.95441513,US
2013.0,Core contributions to multilateral institutions,New Zealand,Family planning,13030,2.05125,New Zealand
2013.0,"Core support to NGOs, etc",Denmark,Family planning,13030,0.7539567854000001,Denmark
2013.0,"Core support to NGOs, etc",Denmark,Reproductive health care,13020,20.778927,Denmark
2013.0,"Core support to NGOs, etc",Finland,Family planning,13030,1.99215,Finland
2013.0,"Core support to NGOs, etc",Finland,Reproductive health care,13020,1.3281,Finland
2013.0,"Core support to NGOs, etc",Netherlands,Reproductive health care,13020,3.9559352580000007,Netherlands
2013.0,"Core support to NGOs, etc",New Zealand,Reproductive health care,13020,6.97425,New Zealand
2013.0,"Core support to NGOs, etc",Norway,Family planning,13030,0.361675,Norway
2013.0,"Core support to NGOs, etc",Sweden,Reproductive health care,13020,26.691544667751646,Sweden
2013.0,"Core support to NGOs, etc",Switzerland,Reproductive health care,13020,2.1578,Switzerland
2013.0,Non-transfer,Sweden,Reproductive health care,13020,0.11452588589326289,Sweden
2013.0,Non-transfer,US,Family planning,13030,0.22065614,US
2013.0,Non-transfer,US,Reproductive health care,13020,0.08974369,US
2013.0,Pooled funds,Finland,Reproductive health care,13020,0.332025,Finland
2013.0,Pooled funds,Netherlands,Reproductive health care,13020,12.008861949700002,Netherlands
2013.0,Pooled funds,New Zealand,Reproductive health care,13020,0.51338868792,New Zealand
2013.0,Pooled funds,Sweden,Reproductive health care,13020,-0.053505390591414397,Sweden
2013.0,Pooled funds,Switzerland,Reproductive health care,13020,1.0789,Switzerland
2013.0,Pooled funds,UK,Family planning,13030,11.04786875,UK
2013.0,Pooled funds,UK,Reproductive health care,13020,12.727340337500001,UK
2013.0,Project interventions,Denmark,Reproductive health care,13020,3.0476110011750004,Denmark
2013.0,Project interventions,European Commission,Reproductive health care,13020,14.353546984718996,European Commission
2013.0,Project interventions,Finland,Family planning,13030,0.2486986779,Finland
2013.0,Project interventions,Finland,Reproductive health care,13020,1.8062478744000001,Finland
2013.0,Project interventions,Netherlands,Family planning,13030,6.3755768967,Netherlands
2013.0,Project interventions,Netherlands,Reproductive health care,13020,99.4410628926,Netherlands
2013.0,Project interventions,New Zealand,Family planning,13030,0.48401826684000004,New Zealand
2013.0,Project interventions,New Zealand,Reproductive health care,13020,0.6261250022849999,New Zealand
2013.0,Project interventions,Norway,Reproductive health care,13020,0.56166,Norway
2013.0,Project interventions,Sweden,Reproductive health care,13020,25.654227505680772,Sweden
2013.0,Project interventions,Switzerland,Reproductive health care,13020,9.0933273948,Switzerland
2013.0,Project interventions,UK,Family planning,13030,85.01040789581,UK
2013.0,Project interventions,UK,Reproductive health care,13020,252.23219368081695,UK
2013.0,Project interventions,UNICEF,Family planning,13030,0.037494232,UNICEF
2013.0,Project interventions,UNICEF,Reproductive health care,13020,76.98436688200007,UNICEF
2013.0,Project interventions,US,Family planning,13030,561.2698055800004,US
2013.0,Project interventions,US,Reproductive health care,13020,467.9993503099998,US
2013.0,Project interventions,World Bank,Family planning,13030,0.80049871,World Bank
2013.0,Project interventions,World Bank,Reproductive health care,13020,51.5419776,World Bank
2013.0,Specific purpose funds,Denmark,Reproductive health care,13020,3.2058,Denmark
2013.0,Specific purpose funds,European Commission,Family planning,13030,3.5246313090000005,European Commission
2013.0,Specific purpose funds,European Commission,Reproductive health care,13020,29.1352455459,European Commission
2013.0,Specific purpose funds,Finland,Reproductive health care,13020,2.2408925052,Finland
2013.0,Specific purpose funds,Netherlands,Family planning,13030,1.3277,Netherlands
2013.0,Specific purpose funds,Sweden,Reproductive health care,13020,18.577657679788732,Sweden
2013.0,Specific purpose funds,UNICEF,Family planning,13030,0.003072902,UNICEF
2013.0,Specific purpose funds,UNICEF,Reproductive health care,13020,2.8496630029999985,UNICEF
2013.0,Specific purpose funds,US,Family planning,13030,9.506682640000001,US
2013.0,Specific purpose funds,US,Reproductive health care,13020,17.837154530000003,US
2013.0,Technical Assistance,Denmark,Reproductive health care,13020,0.012600510883999999,Denmark
2013.0,Technical Assistance,European Commission,Reproductive health care,13020,1.4879597978490002,European Commission
2013.0,Technical Assistance,Netherlands,Family planning,13030,0.66385,Netherlands
2013.0,Technical Assistance,Netherlands,Reproductive health care,13020,5.082266982100002,Netherlands
2013.0,Technical Assistance,Switzerland,Reproductive health care,13020,0.0151132312,Switzerland
2013.0,Technical Assistance,US,Family planning,13030,10.6501093,US
2013.0,Technical Assistance,US,Reproductive health care,13020,8.01347859,US
2014.0,Budget support,UK,Family planning,13030,11.6640355,UK
2014.0,Budget support,UK,Reproductive health care,13020,52.745805700000005,UK
2014.0,Budget support,US,Family planning,13030,1.61633829,US
2014.0,Budget support,US,Reproductive health care,13020,3.87228614,US
2014.0,Core contributions to multilateral institutions,New Zealand,Family planning,13030,2.077,New Zealand
2014.0,Core contributions to multilateral institutions,New Zealand,Reproductive health care,13020,4.9848,New Zealand
2014.0,"Core support to NGOs, etc",Denmark,Family planning,13030,0.8381339406,Denmark
2014.0,"Core support to NGOs, etc",Denmark,Reproductive health care,13020,27.722574,Denmark
2014.0,"Core support to NGOs, etc",Finland,Family planning,13030,2.3254,Finland
2014.0,"Core support to NGOs, etc",Finland,Reproductive health care,13020,1.3288,Finland
2014.0,"Core support to NGOs, etc",Netherlands,Reproductive health care,13020,1.9939611116,Netherlands
2014.0,"Core support to NGOs, etc",New Zealand,Reproductive health care,13020,1.2462,New Zealand
2014.0,"Core support to NGOs, etc",Norway,Family planning,13030,0.4761,Norway
2014.0,"Core support to NGOs, etc",Sweden,Reproductive health care,13020,25.99491576626481,Sweden
2014.0,"Core support to NGOs, etc",Switzerland,Reproductive health care,13020,2.183,Switzerland
2014.0,Non-transfer,US,Family planning,13030,1.1426429799999995,US
2014.0,Non-transfer,US,Reproductive health care,13020,0.38733435,US
2014.0,Pooled funds,Netherlands,Reproductive health care,13020,6.041614022199999,Netherlands
2014.0,Pooled funds,Sweden,Reproductive health care,13020,0.0203814836950976,Sweden
2014.0,Pooled funds,Switzerland,Reproductive health care,13020,1.0915,Switzerland
2014.0,Pooled funds,UK,Family planning,13030,12.476093965325,UK
2014.0,Pooled funds,UK,Reproductive health care,13020,7.600185930649999,UK
2014.0,Project interventions,Denmark,Reproductive health care,13020,0.673733625642,Denmark
2014.0,Project interventions,European Commission,Family planning,13030,1.9876728696880002,European Commission
2014.0,Project interventions,European Commission,Reproductive health care,13020,18.429171063688,European Commission
2014.0,Project interventions,Finland,Family planning,13030,0.2182580576,Finland
2014.0,Project interventions,Finland,Reproductive health care,13020,1.3260414111999994,Finland
2014.0,Project interventions,Netherlands,Family planning,13030,3.7945384511,Netherlands
2014.0,Project interventions,Netherlands,Reproductive health care,13020,113.56632265350001,Netherlands
2014.0,Project interventions,New Zealand,Reproductive health care,13020,0.6966244374880001,New Zealand
2014.0,Project interventions,Norway,Reproductive health care,13020,0.1750767291,Norway
2014.0,Project interventions,Sweden,Reproductive health care,13020,15.316897075759124,Sweden
2014.0,Project interventions,Switzerland,Reproductive health care,13020,8.088479979,Switzerland
2014.0,Project interventions,UK,Family planning,13030,307.14398716539506,UK
2014.0,Project interventions,UK,Reproductive health care,13020,353.0736708587936,UK
2014.0,Project interventions,UNICEF,Family planning,13030,0.039255362,UNICEF
2014.0,Project interventions,UNICEF,Reproductive health care,13020,115.086468551,UNICEF
2014.0,Project interventions,US,Family planning,13030,500.19176881,US
2014.0,Project interventions,US,Reproductive health care,13020,510.13919529999936,US
2014.0,Project interventions,World Bank,Family planning,13030,2.1746107599999998,World Bank
2014.0,Project interventions,World Bank,Reproductive health care,13020,40.63861208000001,World Bank
2014.0,Specific purpose funds,Denmark,Reproductive health care,13020,3.2076,Denmark
2014.0,Specific purpose funds,European Commission,Family planning,13030,4.33959504,European Commission
2014.0,Specific purpose funds,European Commission,Reproductive health care,13020,30.310462988168002,European Commission
2014.0,Specific purpose funds,Finland,Reproductive health care,13020,0.239184,Finland
2014.0,Specific purpose funds,Netherlands,Reproductive health care,13020,2.2553886732999997,Netherlands
2014.0,Specific purpose funds,New Zealand,Reproductive health care,13020,1.2462,New Zealand
2014.0,Specific purpose funds,Sweden,Reproductive health care,13020,32.07043834458229,Sweden
2014.0,Specific purpose funds,UNICEF,Family planning,13030,0.003948070000000001,UNICEF
2014.0,Specific purpose funds,UNICEF,Reproductive health care,13020,3.0413824719999987,UNICEF
2014.0,Specific purpose funds,US,Family planning,13030,-2.2949873200000006,US
2014.0,Specific purpose funds,US,Reproductive health care,13020,13.632664970000004,US
2014.0,Technical Assistance,Denmark,Reproductive health care,13020,0.0411642,Denmark
2014.0,Technical Assistance,European Commission,Family planning,13030,0.0170724224,European Commission
2014.0,Technical Assistance,European Commission,Reproductive health care,13020,1.117688879912,European Commission
2014.0,Technical Assistance,Netherlands,Family planning,13030,0.2472942266,Netherlands
2014.0,Technical Assistance,Netherlands,Reproductive health care,13020,8.9997384384,Netherlands
2014.0,Technical Assistance,Sweden,Reproductive health care,13020,0.41356299654513917,Sweden
2014.0,Technical Assistance,Switzerland,Reproductive health care,13020,0.044414226499999994,Switzerland
2014.0,Technical Assistance,US,Family planning,13030,3.5317975099999996,US
2014.0,Technical Assistance,US,Reproductive health care,13020,7.903230149999998,US
2015.0,Budget support,European Commission,Reproductive health care,13020,34.687649439999994,European Commission
2015.0,Budget support,UK,Family planning,13030,1.30464975725,UK
2015.0,Budget support,UK,Reproductive health care,13020,3.91394927175,UK
2015.0,Budget support,US,Family planning,13030,4.278822,US
2015.0,Budget support,US,Reproductive health care,13020,8.28271441,US
2015.0,Core contributions to multilateral institutions,Netherlands,Reproductive health care,13020,0.6565871999999999,Netherlands
2015.0,Core contributions to multilateral institutions,New Zealand,Family planning,13030,1.75075,New Zealand
2015.0,Core contributions to multilateral institutions,New Zealand,Reproductive health care,13020,4.2018,New Zealand
2015.0,"Core support to NGOs, etc",Denmark,Family planning,13030,2.0452312838,Denmark
2015.0,"Core support to NGOs, etc",Denmark,Reproductive health care,13020,29.568197846834,Denmark
2015.0,"Core support to NGOs, etc",Netherlands,Family planning,13030,3.2008626000000002,Netherlands
2015.0,"Core support to NGOs, etc",Netherlands,Reproductive health care,13020,4.800862460099999,Netherlands
2015.0,"Core support to NGOs, etc",New Zealand,Reproductive health care,13020,1.05045,New Zealand
2015.0,"Core support to NGOs, etc",Norway,Family planning,13030,0.558,Norway
2015.0,"Core support to NGOs, etc",Sweden,Reproductive health care,13020,21.811694972802723,Sweden
2015.0,"Core support to NGOs, etc",Switzerland,Reproductive health care,13020,2.0809619277999998,Switzerland
2015.0,"Core support to NGOs, etc",UK,Reproductive health care,13020,0.183372,UK
2015.0,Non-transfer,US,Family planning,13030,0.34995646,US
2015.0,Non-transfer,US,Reproductive health care,13020,0.24524517999999998,US
2015.0,Pooled funds,Netherlands,Reproductive health care,13020,2.2064623947,Netherlands
2015.0,Pooled funds,Sweden,Reproductive health care,13020,1.0380458638321095,Sweden
2015.0,Pooled funds,UK,Family planning,13030,7.18207,UK
2015.0,Pooled funds,UK,Reproductive health care,13020,6.4057952,UK
2015.0,Project interventions,Denmark,Reproductive health care,13020,0.133744624432,Denmark
2015.0,Project interventions,European Commission,Family planning,13030,1.5400706515199998,European Commission
2015.0,Project interventions,European Commission,Reproductive health care,13020,12.89793663988,European Commission
2015.0,Project interventions,Finland,Family planning,13030,0.30139288079999993,Finland
2015.0,Project interventions,Finland,Reproductive health care,13020,1.3556182928000002,Finland
2015.0,Project interventions,Netherlands,Family planning,13030,2.8463709489,Netherlands
2015.0,Project interventions,Netherlands,Reproductive health care,13020,107.54189288369996,Netherlands
2015.0,Project interventions,New Zealand,Family planning,13030,0.42018,New Zealand
2015.0,Project interventions,New Zealand,Reproductive health care,13020,0.2364401881,New Zealand
2015.0,Project interventions,Norway,Reproductive health care,13020,0.533733076,Norway
2015.0,Project interventions,Sweden,Reproductive health care,13020,22.38601075652784,Sweden
2015.0,Project interventions,Switzerland,Reproductive health care,13020,7.826819164599998,Switzerland
2015.0,Project interventions,UK,Family planning,13030,184.2202585024271,UK
2015.0,Project interventions,UK,Reproductive health care,13020,268.2837073816552,UK
2015.0,Project interventions,UNICEF,Family planning,13030,0.11667574800000001,UNICEF
2015.0,Project interventions,UNICEF,Reproductive health care,13020,106.80415319700005,UNICEF
2015.0,Project interventions,US,Family planning,13030,596.7515125799995,US
2015.0,Project interventions,US,Reproductive health care,13020,625.20864505,US
2015.0,Project interventions,World Bank,Family planning,13030,3.7117556,World Bank
2015.0,Project interventions,World Bank,Reproductive health care,13020,43.13800371,World Bank
2015.0,Specific purpose funds,Finland,Reproductive health care,13020,0.33288,Finland
2015.0,Specific purpose funds,Netherlands,Reproductive health care,13020,1.4038865799,Netherlands
2015.0,Specific purpose funds,New Zealand,Reproductive health care,13020,1.099471,New Zealand
2015.0,Specific purpose funds,Spain,Family planning,13030,0.99864,Spain
2015.0,Specific purpose funds,Sweden,Reproductive health care,13020,22.421790658773563,Sweden
2015.0,Specific purpose funds,Switzerland,Reproductive health care,13020,0.41564,Switzerland
2015.0,Specific purpose funds,UNICEF,Family planning,13030,0.016567291,UNICEF
2015.0,Specific purpose funds,UNICEF,Reproductive health care,13020,4.254923230000001,UNICEF
2015.0,Specific purpose funds,US,Family planning,13030,1.3239632000000001,US
2015.0,Specific purpose funds,US,Reproductive health care,13020,29.943760509999994,US
2015.0,Technical Assistance,Denmark,Reproductive health care,13020,0.0022206784,Denmark
2015.0,Technical Assistance,European Commission,Family planning,13030,0.013852901064,European Commission
2015.0,Technical Assistance,European Commission,Reproductive health care,13020,0.078562742496,European Commission
2015.0,Technical Assistance,Netherlands,Family planning,13030,0.5452424328,Netherlands
2015.0,Technical Assistance,Netherlands,Reproductive health care,13020,5.220194315399999,Netherlands
2015.0,Technical Assistance,Sweden,Reproductive health care,13020,1.1570587225511018,Sweden
2015.0,Technical Assistance,Switzerland,Reproductive health care,13020,0.1041292501,Switzerland
2015.0,Technical Assistance,US,Family planning,13030,8.974008529999999,US
2015.0,Technical Assistance,US,Reproductive health care,13020,4.244185250000001,US
2016.0,Budget support,European Commission,Reproductive health care,13020,5.619395946978,European Commission
2016.0,Budget support,UK,Family planning,13030,0.6278424767999999,UK
2016.0,Budget support,UK,Reproductive health care,13020,1.6960002752,UK
2016.0,Budget support,US,Family planning,13030,1.5726,US
2016.0,Budget support,US,Reproductive health care,13020,5.02349316,US
2016.0,Core contributions to multilateral institutions,Netherlands,Reproductive health care,13020,39.5275896,Netherlands
2016.0,Core contributions to multilateral institutions,New Zealand,Reproductive health care,13020,3.3456,New Zealand
2016.0,"Core support to NGOs, etc",Denmark,Reproductive health care,13020,7.43,Denmark
2016.0,"Core support to NGOs, etc",Netherlands,Family planning,13030,7.986042,Netherlands
2016.0,"Core support to NGOs, etc",Netherlands,Reproductive health care,13020,19.71957845250001,Netherlands
2016.0,"Core support to NGOs, etc",New Zealand,Family planning,13030,0.8712499999999999,New Zealand
2016.0,"Core support to NGOs, etc",New Zealand,Reproductive health care,13020,1.2196914519999997,New Zealand
2016.0,"Core support to NGOs, etc",Norway,Family planning,13030,0.025592021,Norway
2016.0,"Core support to NGOs, etc",Norway,Reproductive health care,13020,0.356999881,Norway
2016.0,"Core support to NGOs, etc",Sweden,Reproductive health care,13020,19.073219190089407,Sweden
2016.0,"Core support to NGOs, etc",Switzerland,Reproductive health care,13020,2.0296,Switzerland
2016.0,"Core support to NGOs, etc",UK,Reproductive health care,13020,0.2629088,UK
2016.0,Non-transfer,US,Family planning,13030,0.06855692,US
2016.0,Non-transfer,US,Reproductive health care,13020,0.52562133,US
2016.0,Pooled funds,Netherlands,Reproductive health care,13020,12.6690349068,Netherlands
2016.0,Pooled funds,Sweden,Reproductive health care,13020,8.747735639572255,Sweden
2016.0,Pooled funds,UK,Family planning,13030,1.267112,UK
2016.0,Pooled funds,UK,Reproductive health care,13020,5.62196805632,UK
2016.0,Project interventions,Denmark,Reproductive health care,13020,5.024166,Denmark
2016.0,Project interventions,European Commission,Family planning,13030,0.33440132932800004,European Commission
2016.0,Project interventions,European Commission,Reproductive health care,13020,11.070655289144,European Commission
2016.0,Project interventions,Finland,Family planning,13030,0.1309129932,Finland
2016.0,Project interventions,Finland,Reproductive health care,13020,1.3169956448,Finland
2016.0,Project interventions,Netherlands,Family planning,13030,11.584400989499999,Netherlands
2016.0,Project interventions,Netherlands,Reproductive health care,13020,134.66641293990003,Netherlands
2016.0,Project interventions,New Zealand,Family planning,13030,0.2788,New Zealand
2016.0,Project interventions,Norway,Reproductive health care,13020,0.418265722,Norway
2016.0,Project interventions,Sweden,Reproductive health care,13020,22.108595439724187,Sweden
2016.0,Project interventions,Switzerland,Reproductive health care,13020,4.319856454,Switzerland
2016.0,Project interventions,UK,Family planning,13030,147.8305102920799,UK
2016.0,Project interventions,UK,Reproductive health care,13020,217.69378963639994,UK
2016.0,Project interventions,UNICEF,Family planning,13030,0.18736955300000002,UNICEF
2016.0,Project interventions,UNICEF,Reproductive health care,13020,132.4497119919997,UNICEF
2016.0,Project interventions,US,Family planning,13030,436.27305050999956,US
2016.0,Project interventions,US,Reproductive health care,13020,579.9899623500002,US
2016.0,Project interventions,World Bank,Family planning,13030,20.534175270000002,World Bank
2016.0,Project interventions,World Bank,Reproductive health care,13020,96.3631447,World Bank
2016.0,Specific purpose funds,European Commission,Family planning,13030,3.3198,European Commission
2016.0,Specific purpose funds,European Commission,Reproductive health care,13020,16.506169970774,European Commission
2016.0,Specific purpose funds,New Zealand,Reproductive health care,13020,0.69705576,New Zealand
2016.0,Specific purpose funds,Sweden,Reproductive health care,13020,38.934215961152915,Sweden
2016.0,Specific purpose funds,Switzerland,Reproductive health care,13020,2.08034,Switzerland
2016.0,Specific purpose funds,UNICEF,Family planning,13030,0.027391674,UNICEF
2016.0,Specific purpose funds,UNICEF,Reproductive health care,13020,5.846650512999999,UNICEF
2016.0,Specific purpose funds,US,Family planning,13030,9.1062621,US
2016.0,Specific purpose funds,US,Reproductive health care,13020,10.31955784,US
2016.0,Technical Assistance,Denmark,Reproductive health care,13020,-0.004476720628,Denmark
2016.0,Technical Assistance,European Commission,Reproductive health care,13020,0.0181388339,European Commission
2016.0,Technical Assistance,Netherlands,Family planning,13030,0.25955631990000005,Netherlands
2016.0,Technical Assistance,Netherlands,Reproductive health care,13020,3.188587653000001,Netherlands
2016.0,Technical Assistance,Sweden,Reproductive health care,13020,1.009312669900076,Sweden
2016.0,Technical Assistance,Switzerland,Reproductive health care,13020,0.0339075124,Switzerland
2016.0,Technical Assistance,US,Family planning,13030,4.40435257,US
2016.0,Technical Assistance,US,Reproductive health care,13020,3.22447604,US
2017.0,Budget support,Switzerland,Reproductive health care,13020,0.629008824,Switzerland
2017.0,Budget support,UK,Family planning,13030,0.5970343499999999,UK
2017.0,Budget support,UK,Reproductive health care,13020,0.06633715,UK
2017.0,Budget support,US,Family planning,13030,0.5,US
2017.0,Budget support,US,Reproductive health care,13020,0.9311562800000004,US
2017.0,Core contributions to multilateral institutions,Denmark,Reproductive health care,13020,41.1808,Denmark
2017.0,Core contributions to multilateral institutions,Netherlands,Reproductive health care,13020,40.96645,Netherlands
2017.0,Core contributions to multilateral institutions,New Zealand,Reproductive health care,13020,3.41232,New Zealand
2017.0,"Core support to NGOs, etc",Denmark,Family planning,13030,12.112,Denmark
2017.0,"Core support to NGOs, etc",Finland,Reproductive health care,13020,2.82325,Finland
2017.0,"Core support to NGOs, etc",Netherlands,Family planning,13030,4.698429190000001,Netherlands
2017.0,"Core support to NGOs, etc",Netherlands,Reproductive health care,13020,20.789947066,Netherlands
2017.0,"Core support to NGOs, etc",New Zealand,Family planning,13030,0.888625,New Zealand
2017.0,"Core support to NGOs, etc",New Zealand,Reproductive health care,13020,0.888625,New Zealand
2017.0,"Core support to NGOs, etc",Norway,Family planning,13030,0.024497483400000002,Norway
2017.0,"Core support to NGOs, etc",Norway,Reproductive health care,13020,15.3279803118,Norway
2017.0,"Core support to NGOs, etc",Sweden,Reproductive health care,13020,23.614426268866264,Sweden
2017.0,"Core support to NGOs, etc",Switzerland,Reproductive health care,13020,1.0155,Switzerland
2017.0,"Core support to NGOs, etc",UK,Reproductive health care,13020,0.25762,UK
2017.0,Non-transfer,US,Family planning,13030,0.84704153,US
2017.0,Non-transfer,US,Reproductive health care,13020,0.8828252400000001,US
2017.0,Pooled funds,Netherlands,Reproductive health care,13020,12.607938335999998,Netherlands
2017.0,Pooled funds,Sweden,Reproductive health care,13020,8.578341900081899,Sweden
2017.0,Pooled funds,UK,Family planning,13030,0.077286,UK
2017.0,Pooled funds,UK,Reproductive health care,13020,1.6798042542599998,UK
2017.0,Project interventions,Denmark,Family planning,13030,0.001546955238,Denmark
2017.0,Project interventions,Denmark,Reproductive health care,13020,2.432789505546,Denmark
2017.0,Project interventions,European Commission,Family planning,13030,0.9682227913920001,European Commission
2017.0,Project interventions,European Commission,Reproductive health care,13020,8.42471137033,European Commission
2017.0,Project interventions,Finland,Family planning,13030,0.36323031060000005,Finland
2017.0,Project interventions,Finland,Reproductive health care,13020,1.396131004,Finland
2017.0,Project interventions,Netherlands,Family planning,13030,21.648438189,Netherlands
2017.0,Project interventions,Netherlands,Reproductive health care,13020,120.24763508099994,Netherlands
2017.0,Project interventions,New Zealand,Family planning,13030,0.28457816256,New Zealand
2017.0,Project interventions,Norway,Family planning,13030,1.893294,Norway
2017.0,Project interventions,Norway,Reproductive health care,13020,2.6982696546,Norway
2017.0,Project interventions,Spain,Reproductive health care,13020,0.4698159032,Spain
2017.0,Project interventions,Sweden,Reproductive health care,13020,25.038756314496318,Sweden
2017.0,Project interventions,Switzerland,Reproductive health care,13020,5.430248751300001,Switzerland
2017.0,Project interventions,UK,Family planning,13030,179.90053497697605,UK
2017.0,Project interventions,UK,Reproductive health care,13020,220.23677359899602,UK
2017.0,Project interventions,UNICEF,Family planning,13030,0.30453799200000004,UNICEF
2017.0,Project interventions,UNICEF,Reproductive health care,13020,160.22673189699984,UNICEF
2017.0,Project interventions,US,Family planning,13030,441.88056338000007,US
2017.0,Project interventions,US,Reproductive health care,13020,637.2830289600006,US
2017.0,Project interventions,World Bank,Family planning,13030,7.87154151,World Bank
2017.0,Project interventions,World Bank,Reproductive health care,13020,117.20005101999999,World Bank
2017.0,Specific purpose funds,Belgium,Family planning,13030,2.254,Belgium
2017.0,Specific purpose funds,Denmark,Family planning,13030,3.028,Denmark
2017.0,Specific purpose funds,Denmark,Reproductive health care,13020,30.3557,Denmark
2017.0,Specific purpose funds,European Commission,Family planning,13030,19.1981,European Commission
2017.0,Specific purpose funds,European Commission,Reproductive health care,13020,1.70391595957,European Commission
2017.0,Specific purpose funds,Finland,Reproductive health care,13020,2.7405502317,Finland
2017.0,Specific purpose funds,New Zealand,Reproductive health care,13020,0.7109,New Zealand
2017.0,Specific purpose funds,Norway,Reproductive health care,13020,0.8463,Norway
2017.0,Specific purpose funds,Sweden,Reproductive health care,13020,48.576594355914345,Sweden
2017.0,Specific purpose funds,Switzerland,Reproductive health care,13020,2.0206650534,Switzerland
2017.0,Specific purpose funds,UNICEF,Family planning,13030,0.030400984,UNICEF
2017.0,Specific purpose funds,UNICEF,Reproductive health care,13020,6.590631006999999,UNICEF
2017.0,Specific purpose funds,US,Family planning,13030,0.98637637,US
2017.0,Specific purpose funds,US,Reproductive health care,13020,16.37623352,US
2017.0,Technical Assistance,Netherlands,Family planning,13030,0.21027791399999998,Netherlands
2017.0,Technical Assistance,Netherlands,Reproductive health care,13020,1.8229653259999996,Netherlands
2017.0,Technical Assistance,Sweden,Reproductive health care,13020,1.3157758804258803,Sweden
2017.0,Technical Assistance,Switzerland,Reproductive health care,13020,0.041192945099999996,Switzerland
2017.0,Technical Assistance,US,Family planning,13030,2.2122309700000002,US
2017.0,Technical Assistance,US,Reproductive health care,13020,4.26549908,US
2018.0,Budget support,Switzerland,Reproductive health care,13020,0.44210147608,Switzerland
2018.0,Budget support,UK,Family planning,13030,0.781443,UK
2018.0,Budget support,UK,Reproductive health care,13020,0.086827,UK
2018.0,Budget support,US,Family planning,13030,0.1,US
2018.0,Budget support,US,Reproductive health care,13020,0.11571875,US
2018.0,Core contributions to multilateral institutions,Netherlands,Reproductive health care,13020,39.212888,Netherlands
2018.0,Core contributions to multilateral institutions,New Zealand,Reproductive health care,13020,4.086789520968,New Zealand
2018.0,"Core support to NGOs, etc",Denmark,Family planning,13030,12.672000000000002,Denmark
2018.0,"Core support to NGOs, etc",Denmark,Reproductive health care,13020,1.37808,Denmark
2018.0,"Core support to NGOs, etc",Finland,Family planning,13030,1.77225,Finland
2018.0,"Core support to NGOs, etc",Finland,Reproductive health care,13020,1.1815,Finland
2018.0,"Core support to NGOs, etc",Netherlands,Family planning,13030,6.055279661599999,Netherlands
2018.0,"Core support to NGOs, etc",Netherlands,Reproductive health care,13020,15.981015377599999,Netherlands
2018.0,"Core support to NGOs, etc",New Zealand,Family planning,13030,0.8662499999999999,New Zealand
2018.0,"Core support to NGOs, etc",New Zealand,Reproductive health care,13020,0.8662499999999999,New Zealand
2018.0,"Core support to NGOs, etc",Norway,Family planning,13030,0.524028831,Norway
2018.0,"Core support to NGOs, etc",Norway,Reproductive health care,13020,17.702925675,Norway
2018.0,"Core support to NGOs, etc",Sweden,Reproductive health care,13020,14.296440289284728,Sweden
2018.0,"Core support to NGOs, etc",Switzerland,Reproductive health care,13020,2.29741232558,Switzerland
2018.0,"Core support to NGOs, etc",UK,Reproductive health care,13020,0.1496096,UK
2018.0,Non-transfer,US,Family planning,13030,0.20340966,US
2018.0,Non-transfer,US,Reproductive health care,13020,0.64342155,US
2018.0,Pooled funds,Netherlands,Reproductive health care,13020,11.426271999999997,Netherlands
2018.0,Pooled funds,Sweden,Family planning,13030,0.860168480162018,Sweden
2018.0,Pooled funds,Sweden,Reproductive health care,13020,12.794770137162846,Sweden
2018.0,Pooled funds,UK,Family planning,13030,0.026716000000000004,UK
2018.0,Pooled funds,UK,Reproductive health care,13020,0.8268602,UK
2018.0,Project interventions,Belgium,Family planning,13030,3.6848582212,Belgium
2018.0,Project interventions,Denmark,Family planning,13030,0.006222465216000002,Denmark
2018.0,Project interventions,Denmark,Reproductive health care,13020,5.12943156,Denmark
2018.0,Project interventions,European Commission,Family planning,13030,2.69748229555,European Commission
2018.0,Project interventions,European Commission,Reproductive health care,13020,5.860789468389999,European Commission
2018.0,Project interventions,Finland,Family planning,13030,0.0413395035,Finland
2018.0,Project interventions,Finland,Reproductive health care,13020,0.2484091935,Finland
2018.0,Project interventions,Netherlands,Family planning,13030,19.990386806,Netherlands
2018.0,Project interventions,Netherlands,Reproductive health care,13020,146.7578500856,Netherlands
2018.0,Project interventions,New Zealand,Family planning,13030,0.4767023646,New Zealand
2018.0,Project interventions,Norway,Family planning,13030,4.837723209,Norway
2018.0,Project interventions,Norway,Reproductive health care,13020,4.5106179929999985,Norway
2018.0,Project interventions,Spain,Family planning,13030,0.072366875,Spain
2018.0,Project interventions,Spain,Reproductive health care,13020,2.1832536790000003,Spain
2018.0,Project interventions,Sweden,Reproductive health care,13020,29.20666074173801,Sweden
2018.0,Project interventions,Switzerland,Reproductive health care,13020,4.070980007919999,Switzerland
2018.0,Project interventions,UK,Family planning,13030,226.591443546722,UK
2018.0,Project interventions,UK,Reproductive health care,13020,220.7123885923001,UK
2018.0,Project interventions,UNICEF,Family planning,13030,0.257807591,UNICEF
2018.0,Project interventions,UNICEF,Reproductive health care,13020,133.84500575500022,UNICEF
2018.0,Project interventions,US,Family planning,13030,592.3872485399999,US
2018.0,Project interventions,US,Reproductive health care,13020,611.0931481100007,US
2018.0,Project interventions,World Bank,Family planning,13030,51.76331026,World Bank
2018.0,Project interventions,World Bank,Reproductive health care,13020,119.67639839,World Bank
2018.0,Specific purpose funds,Belgium,Reproductive health care,13020,2.3608,Belgium
2018.0,Specific purpose funds,Denmark,Reproductive health care,13020,5.148,Denmark
2018.0,Specific purpose funds,Finland,Family planning,13030,0.0392624265,Finland
2018.0,Specific purpose funds,New Zealand,Reproductive health care,13020,0.650943371925,New Zealand
2018.0,Specific purpose funds,Norway,Reproductive health care,13020,5.535,Norway
2018.0,Specific purpose funds,Spain,Reproductive health care,13020,0.11815,Spain
2018.0,Specific purpose funds,Sweden,Family planning,13030,3.912363067292645,Sweden
2018.0,Specific purpose funds,Sweden,Reproductive health care,13020,53.36277373686068,Sweden
2018.0,Specific purpose funds,Switzerland,Reproductive health care,13020,2.2165391865000004,Switzerland
2018.0,Specific purpose funds,UNICEF,Family planning,13030,0.00310898,UNICEF
2018.0,Specific purpose funds,UNICEF,Reproductive health care,13020,6.006701457,UNICEF
2018.0,Specific purpose funds,US,Family planning,13030,1.4666425499999998,US
2018.0,Specific purpose funds,US,Reproductive health care,13020,9.8073723,US
2018.0,Technical Assistance,European Commission,Family planning,13030,0.098950625,European Commission
2018.0,Technical Assistance,European Commission,Reproductive health care,13020,0.024217914400000002,European Commission
2018.0,Technical Assistance,Netherlands,Family planning,13030,0.014162439200000002,Netherlands
2018.0,Technical Assistance,Netherlands,Reproductive health care,13020,2.665478946,Netherlands
2018.0,Technical Assistance,Sweden,Reproductive health care,13020,2.6111393491668964,Sweden
2018.0,Technical Assistance,Switzerland,Reproductive health care,13020,0.20083495864,Switzerland
2018.0,Technical Assistance,US,Family planning,13030,3.775164230000001,US
2018.0,Technical Assistance,US,Reproductive health care,13020,4.692019760000003,US
2019.0,Budget support,European Commission,Reproductive health care,13020,0.851786589643,European Commission
2019.0,Budget support,Switzerland,Reproductive health care,13020,0.40923607808000007,Switzerland
2019.0,Budget support,UK,Family planning,13030,0.10604987532,UK
2019.0,Budget support,UK,Reproductive health care,13020,0.011783319479999999,UK
2019.0,Budget support,US,Reproductive health care,13020,2.3604933999999997,US
2019.0,Budget support,World Bank,Family planning,13030,17.554180350000003,World Bank
2019.0,Budget support,World Bank,Reproductive health care,13020,23.45824035,World Bank
2019.0,Core contributions to multilateral institutions,Netherlands,Reproductive health care,13020,37.18139375,Netherlands
2019.0,Core contributions to multilateral institutions,New Zealand,Family planning,13030,1.18674,New Zealand
2019.0,Core contributions to multilateral institutions,New Zealand,Reproductive health care,13020,1.18674,New Zealand
2019.0,Core contributions to multilateral institutions,Spain,Family planning,13030,0.33693,Spain
2019.0,"Core support to NGOs, etc",Denmark,Family planning,13030,11.992,Denmark
2019.0,"Core support to NGOs, etc",Finland,Reproductive health care,13020,1.516185,Finland
2019.0,"Core support to NGOs, etc",Netherlands,Family planning,13030,3.3008110455,Netherlands
2019.0,"Core support to NGOs, etc",Netherlands,Reproductive health care,13020,18.803209320999997,Netherlands
2019.0,"Core support to NGOs, etc",New Zealand,Family planning,13030,0.5768875,New Zealand
2019.0,"Core support to NGOs, etc",New Zealand,Reproductive health care,13020,0.5768875,New Zealand
2019.0,"Core support to NGOs, etc",Norway,Family planning,13030,0.5516433284,Norway
2019.0,"Core support to NGOs, etc",Norway,Reproductive health care,13020,16.7009313002,Norway
2019.0,"Core support to NGOs, etc",Sweden,Reproductive health care,13020,13.614780190145835,Sweden
2019.0,"Core support to NGOs, etc",Switzerland,Reproductive health care,13020,3.0046281088000004,Switzerland
2019.0,Non-transfer,US,Family planning,13030,0.00055139,US
2019.0,Non-transfer,US,Reproductive health care,13020,0.59867527,US
2019.0,Pooled funds,Netherlands,Reproductive health care,13020,12.51321125,Netherlands
2019.0,Pooled funds,Sweden,Family planning,13030,0.3752736798824016,Sweden
2019.0,Pooled funds,Sweden,Reproductive health care,13020,0.9381841997060038,Sweden
2019.0,Pooled funds,UK,Reproductive health care,13020,1.877484,UK
2019.0,Project interventions,Belgium,Family planning,13030,2.1027534915,Belgium
2019.0,Project interventions,Belgium,Reproductive health care,13020,2.7163603975,Belgium
2019.0,Project interventions,Denmark,Family planning,13030,0.694453519635,Denmark
2019.0,Project interventions,Denmark,Reproductive health care,13020,1.9150283977100004,Denmark
2019.0,Project interventions,European Commission,Family planning,13030,1.86143771491733,European Commission
2019.0,Project interventions,European Commission,Reproductive health care,13020,7.329749890127499,European Commission
2019.0,Project interventions,Finland,Family planning,13030,0.35371360640000005,Finland
2019.0,Project interventions,Finland,Reproductive health care,13020,4.422327682379749,Finland
2019.0,Project interventions,Netherlands,Family planning,13030,26.296199702,Netherlands
2019.0,Project interventions,Netherlands,Reproductive health care,13020,134.3896218375,Netherlands
2019.0,Project interventions,New Zealand,Family planning,13030,0.4525081578,New Zealand
2019.0,Project interventions,Norway,Family planning,13030,4.519621111400001,Norway
2019.0,Project interventions,Norway,Reproductive health care,13020,5.8301811108,Norway
2019.0,Project interventions,Spain,Family planning,13030,0.282178875,Spain
2019.0,Project interventions,Spain,Reproductive health care,13020,4.178497975014,Spain
2019.0,Project interventions,Sweden,Family planning,13030,0.12690489535633817,Sweden
2019.0,Project interventions,Sweden,Reproductive health care,13020,38.29788187903849,Sweden
2019.0,Project interventions,Switzerland,Reproductive health care,13020,3.19329507456,Switzerland
2019.0,Project interventions,UK,Family planning,13030,317.3882037537881,UK
2019.0,Project interventions,UK,Reproductive health care,13020,171.7940588726001,UK
2019.0,Project interventions,UNICEF,Family planning,13030,0.271272005,UNICEF
2019.0,Project interventions,UNICEF,Reproductive health care,13020,139.21970232300004,UNICEF
2019.0,Project interventions,US,Family planning,13030,394.3839476499997,US
2019.0,Project interventions,US,Reproductive health care,13020,526.9988472600008,US
2019.0,Project interventions,World Bank,Family planning,13030,4.75302675,World Bank
2019.0,Project interventions,World Bank,Reproductive health care,13020,92.40429645,World Bank
2019.0,Specific purpose funds,Belgium,Reproductive health care,13020,2.239,Belgium
2019.0,Specific purpose funds,Denmark,Reproductive health care,13020,19.389565,Denmark
2019.0,Specific purpose funds,European Commission,Reproductive health care,13020,-0.527712086407,European Commission
2019.0,Specific purpose funds,Finland,Family planning,13030,0.0442220625,Finland
2019.0,Specific purpose funds,Finland,Reproductive health care,13020,5.6155,Finland
2019.0,Specific purpose funds,Netherlands,Reproductive health care,13020,7.802915,Netherlands
2019.0,Specific purpose funds,New Zealand,Family planning,13030,0.08076425,New Zealand
2019.0,Specific purpose funds,New Zealand,Reproductive health care,13020,2.29516116887,New Zealand
2019.0,Specific purpose funds,Norway,Family planning,13030,3.997,Norway
2019.0,Specific purpose funds,Norway,Reproductive health care,13020,0.927875,Norway
2019.0,Specific purpose funds,Spain,Family planning,13030,0.22462,Spain
2019.0,Specific purpose funds,Sweden,Family planning,13030,0.0965534745502808,Sweden
2019.0,Specific purpose funds,Sweden,Reproductive health care,13020,61.49476209138146,Sweden
2019.0,Specific purpose funds,Switzerland,Reproductive health care,13020,2.4259795264000004,Switzerland
2019.0,Specific purpose funds,UNICEF,Family planning,13030,5.0000000000000004e-08,UNICEF
2019.0,Specific purpose funds,UNICEF,Reproductive health care,13020,7.3111108830000004,UNICEF
2019.0,Specific purpose funds,US,Family planning,13030,4.368380139999999,US
2019.0,Specific purpose funds,US,Reproductive health care,13020,11.66621619,US
2019.0,Technical Assistance,European Commission,Reproductive health care,13020,0.00200181344,European Commission
2019.0,Technical Assistance,Netherlands,Reproductive health care,13020,0.80024099,Netherlands
2019.0,Technical Assistance,Norway,Reproductive health care,13020,0.5515923951999999,Norway
2019.0,Technical Assistance,Sweden,Reproductive health care,13020,3.124259760572765,Sweden
2019.0,Technical Assistance,Switzerland,Reproductive health care,13020,0.22338065280000002,Switzerland
2019.0,Technical Assistance,US,Family planning,13030,0.7038493000000001,US
2019.0,Technical Assistance,US,Reproductive health care,13020,7.936692200000002,US
2020.0,Budget support,European Commission,Reproductive health care,13020,1.68075,European Commission
2020.0,Budget support,Switzerland,Reproductive health care,13020,0.38123020543999997,Switzerland
2020.0,Budget support,UK,Family planning,13030,2.07846,UK
2020.0,Budget support,UK,Reproductive health care,13020,0.23094,UK
2020.0,Budget support,US,Family planning,13030,10.0,US
2020.0,Budget support,US,Reproductive health care,13020,0.16946971,US
2020.0,Budget support,World Bank,Reproductive health care,13020,1.5523414199999999,World Bank
2020.0,Core contributions to multilateral institutions,Netherlands,Reproductive health care,13020,37.6068,Netherlands
2020.0,Core contributions to multilateral institutions,New Zealand,Family planning,13030,1.17,New Zealand
2020.0,Core contributions to multilateral institutions,New Zealand,Reproductive health care,13020,1.17,New Zealand
2020.0,"Core support to NGOs, etc",Denmark,Family planning,13030,15.1371,Denmark
2020.0,"Core support to NGOs, etc",Finland,Reproductive health care,13020,4.089825,Finland
2020.0,"Core support to NGOs, etc",Netherlands,Family planning,13030,1.579810386,Netherlands
2020.0,"Core support to NGOs, etc",Netherlands,Reproductive health care,13020,12.382403572000001,Netherlands
2020.0,"Core support to NGOs, etc",New Zealand,Family planning,13030,0.56875,New Zealand
2020.0,"Core support to NGOs, etc",New Zealand,Reproductive health care,13020,0.56875,New Zealand
2020.0,"Core support to NGOs, etc",Norway,Family planning,13030,0.5621666385999999,Norway
2020.0,"Core support to NGOs, etc",Norway,Reproductive health care,13020,17.660777992200007,Norway
2020.0,"Core support to NGOs, etc",Sweden,Reproductive health care,13020,1.685022174446508,Sweden
2020.0,"Core support to NGOs, etc",Switzerland,Reproductive health care,13020,2.52899970768,Switzerland
2020.0,Non-transfer,US,Reproductive health care,13020,0.010144,US
2020.0,Pooled funds,Sweden,Family planning,13030,-0.014247826878182799,Sweden
2020.0,Pooled funds,Sweden,Reproductive health care,13020,-0.0356195671954569,Sweden
2020.0,Project interventions,Belgium,Reproductive health care,13020,16.4613100344,Belgium
2020.0,Project interventions,Denmark,Reproductive health care,13020,1.73376368,Denmark
2020.0,Project interventions,European Commission,Family planning,13030,4.175913715312501,European Commission
2020.0,Project interventions,European Commission,Reproductive health care,13020,18.226246254875996,European Commission
2020.0,Project interventions,Finland,Family planning,13030,0.3456484785,Finland
2020.0,Project interventions,Finland,Reproductive health care,13020,3.2427348435,Finland
2020.0,Project interventions,Netherlands,Family planning,13030,37.581701449600004,Netherlands
2020.0,Project interventions,Netherlands,Reproductive health care,13020,123.90672053759998,Netherlands
2020.0,Project interventions,New Zealand,Family planning,13030,0.40936520507999996,New Zealand
2020.0,Project interventions,Norway,Family planning,13030,4.083892723400001,Norway
2020.0,Project interventions,Norway,Reproductive health care,13020,6.273785,Norway
2020.0,Project interventions,Spain,Family planning,13030,0.035015625,Spain
2020.0,Project interventions,Spain,Reproductive health care,13020,3.73089220965,Spain
2020.0,Project interventions,Sweden,Family planning,13030,0.06514870191211419,Sweden
2020.0,Project interventions,Sweden,Reproductive health care,13020,42.483929666764375,Sweden
2020.0,Project interventions,Switzerland,Reproductive health care,13020,2.55403156832,Switzerland
2020.0,Project interventions,UK,Family planning,13030,197.95262648386992,UK
2020.0,Project interventions,UK,Reproductive health care,13020,129.43890312665005,UK
2020.0,Project interventions,UNICEF,Family planning,13030,0.3471538410000001,UNICEF
2020.0,Project interventions,UNICEF,Reproductive health care,13020,161.81970240600023,UNICEF
2020.0,Project interventions,US,Family planning,13030,393.6831003699994,US
2020.0,Project interventions,US,Reproductive health care,13020,474.2167008600002,US
2020.0,Project interventions,World Bank,Family planning,13030,11.821660810000001,World Bank
2020.0,Project interventions,World Bank,Reproductive health care,13020,141.49938376000003,World Bank
2020.0,Specific purpose funds,Belgium,Family planning,13030,2.2792,Belgium
2020.0,Specific purpose funds,Denmark,Family planning,13030,1.529,Denmark
2020.0,Specific purpose funds,Denmark,Reproductive health care,13020,0.41255385954199997,Denmark
2020.0,Specific purpose funds,Finland,Reproductive health care,13020,6.61095,Finland
2020.0,Specific purpose funds,New Zealand,Family planning,13030,0.24375,New Zealand
2020.0,Specific purpose funds,New Zealand,Reproductive health care,13020,3.0595457522500005,New Zealand
2020.0,Specific purpose funds,Norway,Reproductive health care,13020,1.7696,Norway
2020.0,Specific purpose funds,Spain,Family planning,13030,1.011224358,Spain
2020.0,Specific purpose funds,Sweden,Family planning,13030,0.5646220832383249,Sweden
2020.0,Specific purpose funds,Sweden,Reproductive health care,13020,63.330384044715565,Sweden
2020.0,Specific purpose funds,Switzerland,Reproductive health care,13020,2.6001155667199995,Switzerland
2020.0,Specific purpose funds,UNICEF,Reproductive health care,13020,14.458749694000003,UNICEF
2020.0,Specific purpose funds,US,Family planning,13030,4.85690117,US
2020.0,Specific purpose funds,US,Reproductive health care,13020,15.39431875,US
2020.0,Technical Assistance,Belgium,Reproductive health care,13020,0.15219017259599998,Belgium
2020.0,Technical Assistance,Denmark,Reproductive health care,13020,0.022296429969,Denmark
2020.0,Technical Assistance,Netherlands,Reproductive health care,13020,0.4560314528,Netherlands
2020.0,Technical Assistance,Norway,Reproductive health care,13020,0.3899008344,Norway
2020.0,Technical Assistance,Sweden,Reproductive health care,13020,4.499940101197652,Sweden
2020.0,Technical Assistance,Switzerland,Reproductive health care,13020,0.06008425024,Switzerland
2020.0,Technical Assistance,US,Family planning,13030,2.6757248999999996,US
2020.0,Technical Assistance,US,Reproductive health care,13020,5.4324594699999995,US
2021.0,Budget support,European Commission,Reproductive health care,13020,1.5053919487200003,European Commission
2021.0,Budget support,UK,Family planning,13030,-0.0275549472,UK
2021.0,Budget support,UK,Reproductive health care,13020,-0.0030616608,UK
2021.0,Budget support,US,Family planning,13030,15.0,US
2021.0,Core contributions to multilateral institutions,Netherlands,Reproductive health care,13020,39.4086,Netherlands
2021.0,Core contributions to multilateral institutions,New Zealand,Family planning,13030,1.27494,New Zealand
2021.0,Core contributions to multilateral institutions,New Zealand,Reproductive health care,13020,1.27494,New Zealand
2021.0,"Core support to NGOs, etc",Denmark,Family planning,13030,19.26,Denmark
2021.0,"Core support to NGOs, etc",Denmark,Reproductive health care,13020,-0.0069840274950000005,Denmark
2021.0,"Core support to NGOs, etc",Finland,Reproductive health care,13020,1.979775,Finland
2021.0,"Core support to NGOs, etc",Netherlands,Family planning,13030,1.504692,Netherlands
2021.0,"Core support to NGOs, etc",Netherlands,Reproductive health care,13020,15.1778903024,Netherlands
2021.0,"Core support to NGOs, etc",New Zealand,Family planning,13030,0.6197625,New Zealand
2021.0,"Core support to NGOs, etc",New Zealand,Reproductive health care,13020,0.6197625,New Zealand
2021.0,"Core support to NGOs, etc",Sweden,Reproductive health care,13020,3.785510732315872,Sweden
2021.0,Non-transfer,US,Reproductive health care,13020,0.00594542,US
2021.0,Pooled funds,Sweden,Reproductive health care,13020,0.031479905327099496,Sweden
2021.0,Project interventions,Belgium,Family planning,13030,0.7077987574,Belgium
2021.0,Project interventions,Belgium,Reproductive health care,13020,0.3535297738,Belgium
2021.0,Project interventions,Denmark,Family planning,13030,0.4815,Denmark
2021.0,Project interventions,Denmark,Reproductive health care,13020,0.1605,Denmark
2021.0,Project interventions,European Commission,Family planning,13030,1.5828533566423197,European Commission
2021.0,Project interventions,European Commission,Reproductive health care,13020,6.444547632063899,European Commission
2021.0,Project interventions,Finland,Family planning,13030,0.192321,Finland
2021.0,Project interventions,Finland,Reproductive health care,13020,6.5264697,Finland
2021.0,Project interventions,Netherlands,Family planning,13030,32.6908165836,Netherlands
2021.0,Project interventions,Netherlands,Reproductive health care,13020,137.11118570939996,Netherlands
2021.0,Project interventions,New Zealand,Family planning,13030,0.38093671878,New Zealand
2021.0,Project interventions,Spain,Reproductive health care,13020,0.508455454176,Spain
2021.0,Project interventions,Sweden,Family planning,13030,4.570415884527046,Sweden
2021.0,Project interventions,Sweden,Reproductive health care,13020,40.21563153470368,Sweden
2021.0,Project interventions,UK,Family planning,13030,172.5283304132959,UK
2021.0,Project interventions,UK,Reproductive health care,13020,77.49971517499199,UK
2021.0,Project interventions,UNICEF,Family planning,13030,0.253293859,UNICEF
2021.0,Project interventions,UNICEF,Reproductive health care,13020,175.5568443459999,UNICEF
2021.0,Project interventions,US,Family planning,13030,387.70816040000017,US
2021.0,Project interventions,US,Reproductive health care,13020,465.68227151999895,US
2021.0,Project interventions,World Bank,Family planning,13030,30.84203357,World Bank
2021.0,Project interventions,World Bank,Reproductive health care,13020,122.44472424999994,World Bank
2021.0,Specific purpose funds,Denmark,Family planning,13030,4.0125,Denmark
2021.0,Specific purpose funds,Denmark,Reproductive health care,13020,1.099425,Denmark
2021.0,Specific purpose funds,Finland,Family planning,13030,0.0756455058,Finland
2021.0,Specific purpose funds,Finland,Reproductive health care,13020,5.6565,Finland
2021.0,Specific purpose funds,Netherlands,Reproductive health care,13020,7.870972199999999,Netherlands
2021.0,Specific purpose funds,New Zealand,Family planning,13030,0.013852887131250003,New Zealand
2021.0,Specific purpose funds,New Zealand,Reproductive health care,13020,1.2586149971827507,New Zealand
2021.0,Specific purpose funds,Sweden,Family planning,13030,0.34977672585666153,Sweden
2021.0,Specific purpose funds,Sweden,Reproductive health care,13020,72.89903583473517,Sweden
2021.0,Specific purpose funds,UNICEF,Family planning,13030,0.0,UNICEF
2021.0,Specific purpose funds,UNICEF,Reproductive health care,13020,51.47952269599999,UNICEF
2021.0,Specific purpose funds,US,Family planning,13030,4.87297016,US
2021.0,Specific purpose funds,US,Reproductive health care,13020,10.828128949999995,US
2021.0,Technical Assistance,Belgium,Reproductive health care,13020,0.15185044754600002,Belgium
2021.0,Technical Assistance,Netherlands,Reproductive health care,13020,0.4934756834,Netherlands
2021.0,Technical Assistance,Sweden,Reproductive health care,13020,2.6328770827688333,Sweden
2021.0,Technical Assistance,US,Family planning,13030,3.9269109500000003,US
2021.0,Technical Assistance,US,Reproductive health care,13020,10.174619729999996,US
2022.0,"Core support to NGOs, etc",Sweden,Reproductive health care,13020,0.2360756124007508,Sweden
2022.0,Project interventions,Netherlands,Family planning,13030,10.5128004432,Netherlands
2022.0,Project interventions,Netherlands,Reproductive health care,13020,17.832742714400002,Netherlands
2022.0,Project interventions,Sweden,Reproductive health care,13020,2.0403642341638584,Sweden
2022.0,Project interventions,UK,Family planning,13030,0.6801548795400001,UK
2022.0,Project interventions,UK,Reproductive health care,13020,0.909466912245,UK
2022.0,Project interventions,UNICEF,Family planning,13030,0.041321017999999994,UNICEF
2022.0,Project interventions,UNICEF,Reproductive health care,13020,109.13443377999992,UNICEF
2022.0,Project interventions,US,Family planning,13030,11.34122806,US
2022.0,Project interventions,US,Reproductive health care,13020,5.069033200000001,US
2022.0,Project interventions,World Bank,Family planning,13030,0.07842111,World Bank
2022.0,Project interventions,World Bank,Reproductive health care,13020,1.1455839099999998,World Bank
2022.0,Specific purpose funds,Denmark,Reproductive health care,13020,-0.02511873936,Denmark
2022.0,Specific purpose funds,Sweden,Reproductive health care,13020,4.488801315160488,Sweden
2022.0,Technical Assistance,Sweden,Reproductive health care,13020,0.31191997341696887,Sweden
2022.0,Technical Assistance,US,Reproductive health care,13020,0.04083265,US
